page_id,doc_id,page_number
20230817Drawings_p1,20230817Drawings,1
20230905CAADRIASteenblik_p1,20230905CAADRIASteenblik,1
20230905CAADRIASteenblik_p2,20230905CAADRIASteenblik,2
20230905CAADRIASteenblik_p3,20230905CAADRIASteenblik,3
20230905CAADRIASteenblik_p4,20230905CAADRIASteenblik,4
20230905CAADRIASteenblik_p5,20230905CAADRIASteenblik,5
20230905CAADRIASteenblik_p6,20230905CAADRIASteenblik,6
20230905CAADRIASteenblik_p7,20230905CAADRIASteenblik,7
20230905CAADRIASteenblik_p8,20230905CAADRIASteenblik,8
20230905CAADRIASteenblik_p9,20230905CAADRIASteenblik,9
20230905CAADRIASteenblik_p10,20230905CAADRIASteenblik,10
20230905CAADRIASteenblik_p11,20230905CAADRIASteenblik,11
20230905CAADRIASteenblik_p12,20230905CAADRIASteenblik,12
20230905CAADRIASteenblik_p13,20230905CAADRIASteenblik,13
20231109ABCSCollaborativeProcess_p1,20231109ABCSCollaborativeProcess,1
20231109ABCSCollaborativeProcess_p2,20231109ABCSCollaborativeProcess,2
20231109ABCSCollaborativeProcess_p3,20231109ABCSCollaborativeProcess,3
20231109ABCSCollaborativeProcess_p4,20231109ABCSCollaborativeProcess,4
20231109ABCSCollaborativeProcess_p5,20231109ABCSCollaborativeProcess,5
20231109ABCStewart_Page_01_p1,20231109ABCStewart_Page_01,1
20231109ABCStewart_Page_02_p1,20231109ABCStewart_Page_02,1
20231109ABCStewart_Page_03_p1,20231109ABCStewart_Page_03,1
20231109ABCStewart_Page_04_p1,20231109ABCStewart_Page_04,1
20231109ABCStewart_Page_05_p1,20231109ABCStewart_Page_05,1
20231109ABCStewart_Page_06_p1,20231109ABCStewart_Page_06,1
20231109ABCStewart_Page_10_p1,20231109ABCStewart_Page_10,1
20231109ABCStewart_Page_11_p1,20231109ABCStewart_Page_11,1
20231109ABCStewart_Page_12_p1,20231109ABCStewart_Page_12,1
20231109ABCStewart_Page_13_p1,20231109ABCStewart_Page_13,1
20231109ABCStewart_Page_14_p1,20231109ABCStewart_Page_14,1
20231109ABCStewart_Page_15_p1,20231109ABCStewart_Page_15,1
20231109ABCStewart_Page_16_p1,20231109ABCStewart_Page_16,1
20231109ABCStewart_Page_17_p1,20231109ABCStewart_Page_17,1
20231109ABCStewart_Page_18_p1,20231109ABCStewart_Page_18,1
20231109ABCStewart_Page_23_p1,20231109ABCStewart_Page_23,1
20231109ABCStewart_Page_24_p1,20231109ABCStewart_Page_24,1
20231109ABCStewart_Page_25_p1,20231109ABCStewart_Page_25,1
20231109ABCStewart_Page_26_p1,20231109ABCStewart_Page_26,1
94c1dc96-2957-4070-9c9d-4bb5a415068b_p1,94c1dc96-2957-4070-9c9d-4bb5a415068b,1
Graduate AI Expo 2024_p1,Graduate AI Expo 2024,1
Graduate AI Expo 2024_p2,Graduate AI Expo 2024,2
IMG_20240302_110248_p1,IMG_20240302_110248,1
IMG_20240302_110326_p1,IMG_20240302_110326,1
blocks_p1,blocks,1
page_render_img_embed_input_p1,page_render_img_embed_input,1
page_render_img_embed_input_p2,page_render_img_embed_input,2
page_render_img_embed_input_p3,page_render_img_embed_input,3
page_render_img_embed_input_p4,page_render_img_embed_input,4
trees_p1,trees,1
